target_table,source_file,source_row_id,unmapped_company_id,reason,rejected_at
analysis,analysis.xlsx,17,WIPRO,company_id not present in companies master,2026-09-20T07:17:17
analysis,analysis.xlsx,18,WIPRO,company_id not present in companies master,2026-09-20T07:17:17
analysis,analysis.xlsx,19,WIPRO,company_id not present in companies master,2026-09-20T07:17:17
analysis,analysis.xlsx,20,WIPRO,company_id not present in companies master,2026-09-20T07:17:17
pros_and_cons,prosandcons.xlsx,12,WIPRO,company_id not present in companies master,2026-09-20T07:17:17
pros_and_cons,prosandcons.xlsx,13,WIPRO,company_id not present in companies master,2026-09-20T07:17:17
documents,documents.xlsx,1458,ULTRACEMCO,company_id not present in companies master,2026-09-20T07:17:17
documents,documents.xlsx,1459,ULTRACEMCO,company_id not present in companies master,2026-09-20T07:17:17
documents,documents.xlsx,1460,ULTRACEMCO,company_id not present in companies master,2026-09-20T07:17:17
documents,documents.xlsx,1461,ULTRACEMCO,company_id not present in companies master,2026-09-20T07:17:17
documents,documents.xlsx,1462,ULTRACEMCO,company_id not present in companies master,2026-09-20T07:17:17
documents,documents.xlsx,1463,ULTRACEMCO,company_id not present in companies master,2026-09-20T07:17:17
documents,documents.xlsx,1464,ULTRACEMCO,company_id not present in companies master,2026-09-20T07:17:17
documents,documents.xlsx,1465,ULTRACEMCO,company_id not present in companies master,2026-09-20T07:17:17
documents,documents.xlsx,1466,ULTRACEMCO,company_id not present in companies master,2026-09-20T07:17:17
documents,documents.xlsx,1467,ULTRACEMCO,company_id not present in companies master,2026-09-20T07:17:17
documents,documents.xlsx,1468,ULTRACEMCO,company_id not present in companies master,2026-09-20T07:17:17
documents,documents.xlsx,1469,ULTRACEMCO,company_id not present in companies master,2026-09-20T07:17:17
documents,documents.xlsx,1470,ULTRACEMCO,company_id not present in companies master,2026-09-20T07:17:17
documents,documents.xlsx,1471,ULTRACEMCO,company_id not present in companies master,2026-09-20T07:17:17
documents,documents.xlsx,1472,ULTRACEMCO,company_id not present in companies master,2026-09-20T07:17:17
documents,documents.xlsx,1473,ULTRACEMCO,company_id not present in companies master,2026-09-20T07:17:17
documents,documents.xlsx,1474,UNIONBANK,company_id not present in companies master,2026-09-20T07:17:17
documents,documents.xlsx,1475,UNIONBANK,company_id not present in companies master,2026-09-20T07:17:17
documents,documents.xlsx,1476,UNIONBANK,company_id not present in companies master,2026-09-20T07:17:17
documents,documents.xlsx,1477,UNIONBANK,company_id not present in companies master,2026-09-20T07:17:17
documents,documents.xlsx,1478,UNIONBANK,company_id not present in companies master,2026-09-20T07:17:17
documents,documents.xlsx,1479,UNIONBANK,company_id not present in companies master,2026-09-20T07:17:17
documents,documents.xlsx,1480,UNIONBANK,company_id not present in companies master,2026-09-20T07:17:17
documents,documents.xlsx,1481,UNIONBANK,company_id not present in companies master,2026-09-20T07:17:17
documents,documents.xlsx,1482,UNIONBANK,company_id not present in companies master,2026-09-20T07:17:17
documents,documents.xlsx,1483,UNIONBANK,company_id not present in companies master,2026-09-20T07:17:17
documents,documents.xlsx,1484,UNIONBANK,company_id not present in companies master,2026-09-20T07:17:17
documents,documents.xlsx,1485,UNIONBANK,company_id not present in companies master,2026-09-20T07:17:17
documents,documents.xlsx,1486,UNIONBANK,company_id not present in companies master,2026-09-20T07:17:17
documents,documents.xlsx,1487,UNIONBANK,company_id not present in companies master,2026-09-20T07:17:17
documents,documents.xlsx,1488,UNIONBANK,company_id not present in companies master,2026-09-20T07:17:17
documents,documents.xlsx,1489,UNIONBANK,company_id not present in companies master,2026-09-20T07:17:17
documents,documents.xlsx,1490,UNITDSPR,company_id not present in companies master,2026-09-20T07:17:17
documents,documents.xlsx,1491,UNITDSPR,company_id not present in companies master,2026-09-20T07:17:17
documents,documents.xlsx,1492,UNITDSPR,company_id not present in companies master,2026-09-20T07:17:17
documents,documents.xlsx,1493,UNITDSPR,company_id not present in companies master,2026-09-20T07:17:17
documents,documents.xlsx,1494,UNITDSPR,company_id not present in companies master,2026-09-20T07:17:17
documents,documents.xlsx,1495,UNITDSPR,company_id not present in companies master,2026-09-20T07:17:17
documents,documents.xlsx,1496,UNITDSPR,company_id not present in companies master,2026-09-20T07:17:17
documents,documents.xlsx,1497,UNITDSPR,company_id not present in companies master,2026-09-20T07:17:17
documents,documents.xlsx,1498,UNITDSPR,company_id not present in companies master,2026-09-20T07:17:17
documents,documents.xlsx,1499,UNITDSPR,company_id not present in companies master,2026-09-20T07:17:17
documents,documents.xlsx,1500,UNITDSPR,company_id not present in companies master,2026-09-20T07:17:17
documents,documents.xlsx,1501,UNITDSPR,company_id not present in companies master,2026-09-20T07:17:17
documents,documents.xlsx,1502,UNITDSPR,company_id not present in companies master,2026-09-20T07:17:17
documents,documents.xlsx,1503,UNITDSPR,company_id not present in companies master,2026-09-20T07:17:17
documents,documents.xlsx,1504,UNITDSPR,company_id not present in companies master,2026-09-20T07:17:17
documents,documents.xlsx,1505,UNITDSPR,company_id not present in companies master,2026-09-20T07:17:17
documents,documents.xlsx,1506,VBL,company_id not present in companies master,2026-09-20T07:17:17
documents,documents.xlsx,1507,VBL,company_id not present in companies master,2026-09-20T07:17:17
documents,documents.xlsx,1508,VBL,company_id not present in companies master,2026-09-20T07:17:17
documents,documents.xlsx,1509,VBL,company_id not present in companies master,2026-09-20T07:17:17
documents,documents.xlsx,1510,VBL,company_id not present in companies master,2026-09-20T07:17:17
documents,documents.xlsx,1511,VBL,company_id not present in companies master,2026-09-20T07:17:17
documents,documents.xlsx,1512,VBL,company_id not present in companies master,2026-09-20T07:17:17
documents,documents.xlsx,1513,VBL,company_id not present in companies master,2026-09-20T07:17:17
documents,documents.xlsx,1514,VBL,company_id not present in companies master,2026-09-20T07:17:17
documents,documents.xlsx,1515,VBL,company_id not present in companies master,2026-09-20T07:17:17
documents,documents.xlsx,1516,VBL,company_id not present in companies master,2026-09-20T07:17:17
documents,documents.xlsx,1517,VBL,company_id not present in companies master,2026-09-20T07:17:17
documents,documents.xlsx,1518,VBL,company_id not present in companies master,2026-09-20T07:17:17
documents,documents.xlsx,1519,VBL,company_id not present in companies master,2026-09-20T07:17:17
documents,documents.xlsx,1520,VBL,company_id not present in companies master,2026-09-20T07:17:17
documents,documents.xlsx,1521,VBL,company_id not present in companies master,2026-09-20T07:17:17
documents,documents.xlsx,1522,VEDL,company_id not present in companies master,2026-09-20T07:17:17
documents,documents.xlsx,1523,VEDL,company_id not present in companies master,2026-09-20T07:17:17
documents,documents.xlsx,1524,VEDL,company_id not present in companies master,2026-09-20T07:17:17
documents,documents.xlsx,1525,VEDL,company_id not present in companies master,2026-09-20T07:17:17
documents,documents.xlsx,1526,VEDL,company_id not present in companies master,2026-09-20T07:17:17
documents,documents.xlsx,1527,VEDL,company_id not present in companies master,2026-09-20T07:17:17
documents,documents.xlsx,1528,VEDL,company_id not present in companies master,2026-09-20T07:17:17
documents,documents.xlsx,1529,VEDL,company_id not present in companies master,2026-09-20T07:17:17
documents,documents.xlsx,1530,VEDL,company_id not present in companies master,2026-09-20T07:17:17
documents,documents.xlsx,1531,VEDL,company_id not present in companies master,2026-09-20T07:17:17
documents,documents.xlsx,1532,VEDL,company_id not present in companies master,2026-09-20T07:17:17
documents,documents.xlsx,1533,VEDL,company_id not present in companies master,2026-09-20T07:17:17
documents,documents.xlsx,1534,VEDL,company_id not present in companies master,2026-09-20T07:17:17
documents,documents.xlsx,1535,VEDL,company_id not present in companies master,2026-09-20T07:17:17
documents,documents.xlsx,1536,VEDL,company_id not present in companies master,2026-09-20T07:17:17
documents,documents.xlsx,1537,VEDL,company_id not present in companies master,2026-09-20T07:17:17
documents,documents.xlsx,1538,WIPRO,company_id not present in companies master,2026-09-20T07:17:17
documents,documents.xlsx,1539,WIPRO,company_id not present in companies master,2026-09-20T07:17:17
documents,documents.xlsx,1540,WIPRO,company_id not present in companies master,2026-09-20T07:17:17
documents,documents.xlsx,1541,WIPRO,company_id not present in companies master,2026-09-20T07:17:17
documents,documents.xlsx,1542,WIPRO,company_id not present in companies master,2026-09-20T07:17:17
documents,documents.xlsx,1543,WIPRO,company_id not present in companies master,2026-09-20T07:17:17
documents,documents.xlsx,1544,WIPRO,company_id not present in companies master,2026-09-20T07:17:17
documents,documents.xlsx,1545,WIPRO,company_id not present in companies master,2026-09-20T07:17:17
documents,documents.xlsx,1546,WIPRO,company_id not present in companies master,2026-09-20T07:17:17
documents,documents.xlsx,1547,WIPRO,company_id not present in companies master,2026-09-20T07:17:17
documents,documents.xlsx,1548,WIPRO,company_id not present in companies master,2026-09-20T07:17:17
documents,documents.xlsx,1549,WIPRO,company_id not present in companies master,2026-09-20T07:17:17
documents,documents.xlsx,1550,WIPRO,company_id not present in companies master,2026-09-20T07:17:17
documents,documents.xlsx,1551,WIPRO,company_id not present in companies master,2026-09-20T07:17:17
documents,documents.xlsx,1552,WIPRO,company_id not present in companies master,2026-09-20T07:17:17
documents,documents.xlsx,1553,WIPRO,company_id not present in companies master,2026-09-20T07:17:17
documents,documents.xlsx,1554,ZOMATO,company_id not present in companies master,2026-09-20T07:17:17
documents,documents.xlsx,1555,ZOMATO,company_id not present in companies master,2026-09-20T07:17:17
documents,documents.xlsx,1556,ZOMATO,company_id not present in companies master,2026-09-20T07:17:17
documents,documents.xlsx,1557,ZOMATO,company_id not present in companies master,2026-09-20T07:17:17
documents,documents.xlsx,1558,ZOMATO,company_id not present in companies master,2026-09-20T07:17:17
documents,documents.xlsx,1559,ZOMATO,company_id not present in companies master,2026-09-20T07:17:17
documents,documents.xlsx,1560,ZOMATO,company_id not present in companies master,2026-09-20T07:17:17
documents,documents.xlsx,1561,ZOMATO,company_id not present in companies master,2026-09-20T07:17:17
documents,documents.xlsx,1562,ZOMATO,company_id not present in companies master,2026-09-20T07:17:17
documents,documents.xlsx,1563,ZOMATO,company_id not present in companies master,2026-09-20T07:17:17
documents,documents.xlsx,1564,ZOMATO,company_id not present in companies master,2026-09-20T07:17:17
documents,documents.xlsx,1565,ZOMATO,company_id not present in companies master,2026-09-20T07:17:17
documents,documents.xlsx,1566,ZOMATO,company_id not present in companies master,2026-09-20T07:17:17
documents,documents.xlsx,1567,ZOMATO,company_id not present in companies master,2026-09-20T07:17:17
documents,documents.xlsx,1568,ZOMATO,company_id not present in companies master,2026-09-20T07:17:17
documents,documents.xlsx,1569,ZOMATO,company_id not present in companies master,2026-09-20T07:17:17
documents,documents.xlsx,1570,ZYDUSLIFE,company_id not present in companies master,2026-09-20T07:17:17
documents,documents.xlsx,1571,ZYDUSLIFE,company_id not present in companies master,2026-09-20T07:17:17
documents,documents.xlsx,1572,ZYDUSLIFE,company_id not present in companies master,2026-09-20T07:17:17
documents,documents.xlsx,1573,ZYDUSLIFE,company_id not present in companies master,2026-09-20T07:17:17
documents,documents.xlsx,1574,ZYDUSLIFE,company_id not present in companies master,2026-09-20T07:17:17
documents,documents.xlsx,1575,ZYDUSLIFE,company_id not present in companies master,2026-09-20T07:17:17
documents,documents.xlsx,1576,ZYDUSLIFE,company_id not present in companies master,2026-09-20T07:17:17
documents,documents.xlsx,1577,ZYDUSLIFE,company_id not present in companies master,2026-09-20T07:17:17
documents,documents.xlsx,1578,ZYDUSLIFE,company_id not present in companies master,2026-09-20T07:17:17
documents,documents.xlsx,1579,ZYDUSLIFE,company_id not present in companies master,2026-09-20T07:17:17
documents,documents.xlsx,1580,ZYDUSLIFE,company_id not present in companies master,2026-09-20T07:17:17
documents,documents.xlsx,1581,ZYDUSLIFE,company_id not present in companies master,2026-09-20T07:17:17
documents,documents.xlsx,1582,ZYDUSLIFE,company_id not present in companies master,2026-09-20T07:17:17
documents,documents.xlsx,1583,ZYDUSLIFE,company_id not present in companies master,2026-09-20T07:17:17
documents,documents.xlsx,1584,ZYDUSLIFE,company_id not present in companies master,2026-09-20T07:17:17
documents,documents.xlsx,1585,ZYDUSLIFE,company_id not present in companies master,2026-09-20T07:17:17
profit_and_loss,profitandloss.xlsx,1263,ULTRACEMCO,company_id not present in companies master,2026-09-20T07:17:17
profit_and_loss,profitandloss.xlsx,1264,ULTRACEMCO,company_id not present in companies master,2026-09-20T07:17:17
profit_and_loss,profitandloss.xlsx,1265,ULTRACEMCO,company_id not present in companies master,2026-09-20T07:17:17
profit_and_loss,profitandloss.xlsx,1266,ULTRACEMCO,company_id not present in companies master,2026-09-20T07:17:17
profit_and_loss,profitandloss.xlsx,1267,ULTRACEMCO,company_id not present in companies master,2026-09-20T07:17:17
profit_and_loss,profitandloss.xlsx,1268,ULTRACEMCO,company_id not present in companies master,2026-09-20T07:17:17
profit_and_loss,profitandloss.xlsx,1269,ULTRACEMCO,company_id not present in companies master,2026-09-20T07:17:17
profit_and_loss,profitandloss.xlsx,1270,ULTRACEMCO,company_id not present in companies master,2026-09-20T07:17:17
profit_and_loss,profitandloss.xlsx,1271,ULTRACEMCO,company_id not present in companies master,2026-09-20T07:17:17
profit_and_loss,profitandloss.xlsx,1272,ULTRACEMCO,company_id not present in companies master,2026-09-20T07:17:17
profit_and_loss,profitandloss.xlsx,1273,ULTRACEMCO,company_id not present in companies master,2026-09-20T07:17:17
profit_and_loss,profitandloss.xlsx,1274,ULTRACEMCO,company_id not present in companies master,2026-09-20T07:17:17
profit_and_loss,profitandloss.xlsx,1275,ULTRACEMCO,company_id not present in companies master,2026-09-20T07:17:17
profit_and_loss,profitandloss.xlsx,1276,UNIONBANK,company_id not present in companies master,2026-09-20T07:17:17
profit_and_loss,profitandloss.xlsx,1277,UNIONBANK,company_id not present in companies master,2026-09-20T07:17:17
profit_and_loss,profitandloss.xlsx,1278,UNIONBANK,company_id not present in companies master,2026-09-20T07:17:17
profit_and_loss,profitandloss.xlsx,1279,UNIONBANK,company_id not present in companies master,2026-09-20T07:17:17
profit_and_loss,profitandloss.xlsx,1280,UNIONBANK,company_id not present in companies master,2026-09-20T07:17:17
profit_and_loss,profitandloss.xlsx,1281,UNIONBANK,company_id not present in companies master,2026-09-20T07:17:17
profit_and_loss,profitandloss.xlsx,1282,UNIONBANK,company_id not present in companies master,2026-09-20T07:17:17
profit_and_loss,profitandloss.xlsx,1283,UNIONBANK,company_id not present in companies master,2026-09-20T07:17:17
profit_and_loss,profitandloss.xlsx,1284,UNIONBANK,company_id not present in companies master,2026-09-20T07:17:17
profit_and_loss,profitandloss.xlsx,1285,UNIONBANK,company_id not present in companies master,2026-09-20T07:17:17
profit_and_loss,profitandloss.xlsx,1286,UNIONBANK,company_id not present in companies master,2026-09-20T07:17:17
profit_and_loss,profitandloss.xlsx,1287,UNIONBANK,company_id not present in companies master,2026-09-20T07:17:17
profit_and_loss,profitandloss.xlsx,1288,UNIONBANK,company_id not present in companies master,2026-09-20T07:17:17
profit_and_loss,profitandloss.xlsx,1289,UNITDSPR,company_id not present in companies master,2026-09-20T07:17:17
profit_and_loss,profitandloss.xlsx,1290,UNITDSPR,company_id not present in companies master,2026-09-20T07:17:17
profit_and_loss,profitandloss.xlsx,1291,UNITDSPR,company_id not present in companies master,2026-09-20T07:17:17
profit_and_loss,profitandloss.xlsx,1292,UNITDSPR,company_id not present in companies master,2026-09-20T07:17:17
profit_and_loss,profitandloss.xlsx,1293,UNITDSPR,company_id not present in companies master,2026-09-20T07:17:17
profit_and_loss,profitandloss.xlsx,1294,UNITDSPR,company_id not present in companies master,2026-09-20T07:17:17
profit_and_loss,profitandloss.xlsx,1295,UNITDSPR,company_id not present in companies master,2026-09-20T07:17:17
profit_and_loss,profitandloss.xlsx,1296,UNITDSPR,company_id not present in companies master,2026-09-20T07:17:17
profit_and_loss,profitandloss.xlsx,1297,UNITDSPR,company_id not present in companies master,2026-09-20T07:17:17
profit_and_loss,profitandloss.xlsx,1298,UNITDSPR,company_id not present in companies master,2026-09-20T07:17:17
profit_and_loss,profitandloss.xlsx,1299,UNITDSPR,company_id not present in companies master,2026-09-20T07:17:17
profit_and_loss,profitandloss.xlsx,1300,UNITDSPR,company_id not present in companies master,2026-09-20T07:17:17
profit_and_loss,profitandloss.xlsx,1301,UNITDSPR,company_id not present in companies master,2026-09-20T07:17:17
profit_and_loss,profitandloss.xlsx,1302,VBL,company_id not present in companies master,2026-09-20T07:17:17
profit_and_loss,profitandloss.xlsx,1303,VBL,company_id not present in companies master,2026-09-20T07:17:17
profit_and_loss,profitandloss.xlsx,1304,VBL,company_id not present in companies master,2026-09-20T07:17:17
profit_and_loss,profitandloss.xlsx,1305,VBL,company_id not present in companies master,2026-09-20T07:17:17
profit_and_loss,profitandloss.xlsx,1306,VBL,company_id not present in companies master,2026-09-20T07:17:17
profit_and_loss,profitandloss.xlsx,1307,VBL,company_id not present in companies master,2026-09-20T07:17:17
profit_and_loss,profitandloss.xlsx,1308,VBL,company_id not present in companies master,2026-09-20T07:17:17
profit_and_loss,profitandloss.xlsx,1309,VBL,company_id not present in companies master,2026-09-20T07:17:17
profit_and_loss,profitandloss.xlsx,1310,VBL,company_id not present in companies master,2026-09-20T07:17:17
profit_and_loss,profitandloss.xlsx,1311,VBL,company_id not present in companies master,2026-09-20T07:17:17
profit_and_loss,profitandloss.xlsx,1312,VBL,company_id not present in companies master,2026-09-20T07:17:17
profit_and_loss,profitandloss.xlsx,1313,VBL,company_id not present in companies master,2026-09-20T07:17:17
profit_and_loss,profitandloss.xlsx,1314,VBL,company_id not present in companies master,2026-09-20T07:17:17
profit_and_loss,profitandloss.xlsx,1315,VEDL,company_id not present in companies master,2026-09-20T07:17:17
profit_and_loss,profitandloss.xlsx,1316,VEDL,company_id not present in companies master,2026-09-20T07:17:17
profit_and_loss,profitandloss.xlsx,1317,VEDL,company_id not present in companies master,2026-09-20T07:17:17
profit_and_loss,profitandloss.xlsx,1318,VEDL,company_id not present in companies master,2026-09-20T07:17:17
profit_and_loss,profitandloss.xlsx,1319,VEDL,company_id not present in companies master,2026-09-20T07:17:17
profit_and_loss,profitandloss.xlsx,1320,VEDL,company_id not present in companies master,2026-09-20T07:17:17
profit_and_loss,profitandloss.xlsx,1321,VEDL,company_id not present in companies master,2026-09-20T07:17:17
profit_and_loss,profitandloss.xlsx,1322,VEDL,company_id not present in companies master,2026-09-20T07:17:17
profit_and_loss,profitandloss.xlsx,1323,VEDL,company_id not present in companies master,2026-09-20T07:17:17
profit_and_loss,profitandloss.xlsx,1324,VEDL,company_id not present in companies master,2026-09-20T07:17:17
profit_and_loss,profitandloss.xlsx,1325,VEDL,company_id not present in companies master,2026-09-20T07:17:17
profit_and_loss,profitandloss.xlsx,1326,VEDL,company_id not present in companies master,2026-09-20T07:17:17
profit_and_loss,profitandloss.xlsx,1327,VEDL,company_id not present in companies master,2026-09-20T07:17:17
profit_and_loss,profitandloss.xlsx,1328,WIPRO,company_id not present in companies master,2026-09-20T07:17:17
profit_and_loss,profitandloss.xlsx,1329,WIPRO,company_id not present in companies master,2026-09-20T07:17:17
profit_and_loss,profitandloss.xlsx,1330,WIPRO,company_id not present in companies master,2026-09-20T07:17:17
profit_and_loss,profitandloss.xlsx,1331,WIPRO,company_id not present in companies master,2026-09-20T07:17:17
profit_and_loss,profitandloss.xlsx,1332,WIPRO,company_id not present in companies master,2026-09-20T07:17:17
profit_and_loss,profitandloss.xlsx,1333,WIPRO,company_id not present in companies master,2026-09-20T07:17:17
profit_and_loss,profitandloss.xlsx,1334,WIPRO,company_id not present in companies master,2026-09-20T07:17:17
profit_and_loss,profitandloss.xlsx,1335,WIPRO,company_id not present in companies master,2026-09-20T07:17:17
profit_and_loss,profitandloss.xlsx,1336,WIPRO,company_id not present in companies master,2026-09-20T07:17:17
profit_and_loss,profitandloss.xlsx,1337,WIPRO,company_id not present in companies master,2026-09-20T07:17:17
profit_and_loss,profitandloss.xlsx,1338,WIPRO,company_id not present in companies master,2026-09-20T07:17:17
profit_and_loss,profitandloss.xlsx,1339,WIPRO,company_id not present in companies master,2026-09-20T07:17:17
profit_and_loss,profitandloss.xlsx,1340,WIPRO,company_id not present in companies master,2026-09-20T07:17:17
profit_and_loss,profitandloss.xlsx,1341,ZOMATO,company_id not present in companies master,2026-09-20T07:17:17
profit_and_loss,profitandloss.xlsx,1342,ZOMATO,company_id not present in companies master,2026-09-20T07:17:17
profit_and_loss,profitandloss.xlsx,1343,ZOMATO,company_id not present in companies master,2026-09-20T07:17:17
profit_and_loss,profitandloss.xlsx,1344,ZOMATO,company_id not present in companies master,2026-09-20T07:17:17
profit_and_loss,profitandloss.xlsx,1345,ZOMATO,company_id not present in companies master,2026-09-20T07:17:17
profit_and_loss,profitandloss.xlsx,1346,ZOMATO,company_id not present in companies master,2026-09-20T07:17:17
profit_and_loss,profitandloss.xlsx,1347,ZOMATO,company_id not present in companies master,2026-09-20T07:17:17
profit_and_loss,profitandloss.xlsx,1348,ZOMATO,company_id not present in companies master,2026-09-20T07:17:17
profit_and_loss,profitandloss.xlsx,1349,ZYDUSLIFE,company_id not present in companies master,2026-09-20T07:17:17
profit_and_loss,profitandloss.xlsx,1350,ZYDUSLIFE,company_id not present in companies master,2026-09-20T07:17:17
profit_and_loss,profitandloss.xlsx,1351,ZYDUSLIFE,company_id not present in companies master,2026-09-20T07:17:17
profit_and_loss,profitandloss.xlsx,1352,ZYDUSLIFE,company_id not present in companies master,2026-09-20T07:17:17
profit_and_loss,profitandloss.xlsx,1353,ZYDUSLIFE,company_id not present in companies master,2026-09-20T07:17:17
profit_and_loss,profitandloss.xlsx,1354,ZYDUSLIFE,company_id not present in companies master,2026-09-20T07:17:17
profit_and_loss,profitandloss.xlsx,1355,ZYDUSLIFE,company_id not present in companies master,2026-09-20T07:17:17
profit_and_loss,profitandloss.xlsx,1356,ZYDUSLIFE,company_id not present in companies master,2026-09-20T07:17:17
profit_and_loss,profitandloss.xlsx,1357,ZYDUSLIFE,company_id not present in companies master,2026-09-20T07:17:17
profit_and_loss,profitandloss.xlsx,1358,ZYDUSLIFE,company_id not present in companies master,2026-09-20T07:17:17
profit_and_loss,profitandloss.xlsx,1359,ZYDUSLIFE,company_id not present in companies master,2026-09-20T07:17:17
profit_and_loss,profitandloss.xlsx,1360,ZYDUSLIFE,company_id not present in companies master,2026-09-20T07:17:17
profit_and_loss,profitandloss.xlsx,1361,ZYDUSLIFE,company_id not present in companies master,2026-09-20T07:17:17
balance_sheet,balancesheet.xlsx,1200,ZYDUSLIFE,company_id not present in companies master,2026-09-20T07:17:17
balance_sheet,balancesheet.xlsx,1201,ZYDUSLIFE,company_id not present in companies master,2026-09-20T07:17:17
balance_sheet,balancesheet.xlsx,1202,ZYDUSLIFE,company_id not present in companies master,2026-09-20T07:17:17
balance_sheet,balancesheet.xlsx,1203,ZYDUSLIFE,company_id not present in companies master,2026-09-20T07:17:17
balance_sheet,balancesheet.xlsx,1204,ZYDUSLIFE,company_id not present in companies master,2026-09-20T07:17:17
balance_sheet,balancesheet.xlsx,1205,ZYDUSLIFE,company_id not present in companies master,2026-09-20T07:17:17
balance_sheet,balancesheet.xlsx,1206,ZYDUSLIFE,company_id not present in companies master,2026-09-20T07:17:17
balance_sheet,balancesheet.xlsx,1207,ZYDUSLIFE,company_id not present in companies master,2026-09-20T07:17:17
balance_sheet,balancesheet.xlsx,1208,ZYDUSLIFE,company_id not present in companies master,2026-09-20T07:17:17
balance_sheet,balancesheet.xlsx,1209,ZYDUSLIFE,company_id not present in companies master,2026-09-20T07:17:17
balance_sheet,balancesheet.xlsx,1210,ZYDUSLIFE,company_id not present in companies master,2026-09-20T07:17:17
balance_sheet,balancesheet.xlsx,1211,ZYDUSLIFE,company_id not present in companies master,2026-09-20T07:17:17
balance_sheet,balancesheet.xlsx,1212,ZYDUSLIFE,company_id not present in companies master,2026-09-20T07:17:17
balance_sheet,balancesheet.xlsx,1226,ZOMATO,company_id not present in companies master,2026-09-20T07:17:17
balance_sheet,balancesheet.xlsx,1227,ZOMATO,company_id not present in companies master,2026-09-20T07:17:17
balance_sheet,balancesheet.xlsx,1228,ZOMATO,company_id not present in companies master,2026-09-20T07:17:17
balance_sheet,balancesheet.xlsx,1229,ZOMATO,company_id not present in companies master,2026-09-20T07:17:17
balance_sheet,balancesheet.xlsx,1230,ZOMATO,company_id not present in companies master,2026-09-20T07:17:17
balance_sheet,balancesheet.xlsx,1231,ZOMATO,company_id not present in companies master,2026-09-20T07:17:17
balance_sheet,balancesheet.xlsx,1232,ZOMATO,company_id not present in companies master,2026-09-20T07:17:17
balance_sheet,balancesheet.xlsx,1233,ZOMATO,company_id not present in companies master,2026-09-20T07:17:17
balance_sheet,balancesheet.xlsx,1234,WIPRO,company_id not present in companies master,2026-09-20T07:17:17
balance_sheet,balancesheet.xlsx,1235,WIPRO,company_id not present in companies master,2026-09-20T07:17:17
balance_sheet,balancesheet.xlsx,1236,WIPRO,company_id not present in companies master,2026-09-20T07:17:17
balance_sheet,balancesheet.xlsx,1237,WIPRO,company_id not present in companies master,2026-09-20T07:17:17
balance_sheet,balancesheet.xlsx,1238,WIPRO,company_id not present in companies master,2026-09-20T07:17:17
balance_sheet,balancesheet.xlsx,1239,WIPRO,company_id not present in companies master,2026-09-20T07:17:17
balance_sheet,balancesheet.xlsx,1240,WIPRO,company_id not present in companies master,2026-09-20T07:17:17
balance_sheet,balancesheet.xlsx,1241,WIPRO,company_id not present in companies master,2026-09-20T07:17:17
balance_sheet,balancesheet.xlsx,1242,WIPRO,company_id not present in companies master,2026-09-20T07:17:17
balance_sheet,balancesheet.xlsx,1243,WIPRO,company_id not present in companies master,2026-09-20T07:17:17
balance_sheet,balancesheet.xlsx,1244,WIPRO,company_id not present in companies master,2026-09-20T07:17:17
balance_sheet,balancesheet.xlsx,1245,WIPRO,company_id not present in companies master,2026-09-20T07:17:17
balance_sheet,balancesheet.xlsx,1246,WIPRO,company_id not present in companies master,2026-09-20T07:17:17
balance_sheet,balancesheet.xlsx,1247,VEDL,company_id not present in companies master,2026-09-20T07:17:17
balance_sheet,balancesheet.xlsx,1248,VEDL,company_id not present in companies master,2026-09-20T07:17:17
balance_sheet,balancesheet.xlsx,1249,VEDL,company_id not present in companies master,2026-09-20T07:17:17
balance_sheet,balancesheet.xlsx,1250,VEDL,company_id not present in companies master,2026-09-20T07:17:17
balance_sheet,balancesheet.xlsx,1251,VEDL,company_id not present in companies master,2026-09-20T07:17:17
balance_sheet,balancesheet.xlsx,1252,VEDL,company_id not present in companies master,2026-09-20T07:17:17
balance_sheet,balancesheet.xlsx,1253,VEDL,company_id not present in companies master,2026-09-20T07:17:17
balance_sheet,balancesheet.xlsx,1254,VEDL,company_id not present in companies master,2026-09-20T07:17:17
balance_sheet,balancesheet.xlsx,1255,VEDL,company_id not present in companies master,2026-09-20T07:17:17
balance_sheet,balancesheet.xlsx,1256,VEDL,company_id not present in companies master,2026-09-20T07:17:17
balance_sheet,balancesheet.xlsx,1257,VEDL,company_id not present in companies master,2026-09-20T07:17:17
balance_sheet,balancesheet.xlsx,1258,VEDL,company_id not present in companies master,2026-09-20T07:17:17
balance_sheet,balancesheet.xlsx,1259,VEDL,company_id not present in companies master,2026-09-20T07:17:17
balance_sheet,balancesheet.xlsx,1285,UNITDSPR,company_id not present in companies master,2026-09-20T07:17:17
balance_sheet,balancesheet.xlsx,1286,UNITDSPR,company_id not present in companies master,2026-09-20T07:17:17
balance_sheet,balancesheet.xlsx,1287,UNITDSPR,company_id not present in companies master,2026-09-20T07:17:17
balance_sheet,balancesheet.xlsx,1288,UNITDSPR,company_id not present in companies master,2026-09-20T07:17:17
balance_sheet,balancesheet.xlsx,1289,UNITDSPR,company_id not present in companies master,2026-09-20T07:17:17
balance_sheet,balancesheet.xlsx,1290,UNITDSPR,company_id not present in companies master,2026-09-20T07:17:17
balance_sheet,balancesheet.xlsx,1291,UNITDSPR,company_id not present in companies master,2026-09-20T07:17:17
balance_sheet,balancesheet.xlsx,1292,UNITDSPR,company_id not present in companies master,2026-09-20T07:17:17
balance_sheet,balancesheet.xlsx,1293,UNITDSPR,company_id not present in companies master,2026-09-20T07:17:17
balance_sheet,balancesheet.xlsx,1294,UNITDSPR,company_id not present in companies master,2026-09-20T07:17:17
balance_sheet,balancesheet.xlsx,1295,UNITDSPR,company_id not present in companies master,2026-09-20T07:17:17
balance_sheet,balancesheet.xlsx,1296,UNITDSPR,company_id not present in companies master,2026-09-20T07:17:17
balance_sheet,balancesheet.xlsx,1297,UNITDSPR,company_id not present in companies master,2026-09-20T07:17:17
balance_sheet,balancesheet.xlsx,1298,UNIONBANK,company_id not present in companies master,2026-09-20T07:17:17
balance_sheet,balancesheet.xlsx,1299,UNIONBANK,company_id not present in companies master,2026-09-20T07:17:17
balance_sheet,balancesheet.xlsx,1300,UNIONBANK,company_id not present in companies master,2026-09-20T07:17:17
balance_sheet,balancesheet.xlsx,1301,UNIONBANK,company_id not present in companies master,2026-09-20T07:17:17
balance_sheet,balancesheet.xlsx,1302,UNIONBANK,company_id not present in companies master,2026-09-20T07:17:17
balance_sheet,balancesheet.xlsx,1303,UNIONBANK,company_id not present in companies master,2026-09-20T07:17:17
balance_sheet,balancesheet.xlsx,1304,UNIONBANK,company_id not present in companies master,2026-09-20T07:17:17
balance_sheet,balancesheet.xlsx,1305,UNIONBANK,company_id not present in companies master,2026-09-20T07:17:17
balance_sheet,balancesheet.xlsx,1306,UNIONBANK,company_id not present in companies master,2026-09-20T07:17:17
balance_sheet,balancesheet.xlsx,1307,UNIONBANK,company_id not present in companies master,2026-09-20T07:17:17
balance_sheet,balancesheet.xlsx,1308,UNIONBANK,company_id not present in companies master,2026-09-20T07:17:17
balance_sheet,balancesheet.xlsx,1309,UNIONBANK,company_id not present in companies master,2026-09-20T07:17:17
balance_sheet,balancesheet.xlsx,1323,ULTRACEMCO,company_id not present in companies master,2026-09-20T07:17:17
balance_sheet,balancesheet.xlsx,1324,ULTRACEMCO,company_id not present in companies master,2026-09-20T07:17:17
balance_sheet,balancesheet.xlsx,1325,ULTRACEMCO,company_id not present in companies master,2026-09-20T07:17:17
balance_sheet,balancesheet.xlsx,1326,ULTRACEMCO,company_id not present in companies master,2026-09-20T07:17:17
balance_sheet,balancesheet.xlsx,1327,ULTRACEMCO,company_id not present in companies master,2026-09-20T07:17:17
balance_sheet,balancesheet.xlsx,1328,ULTRACEMCO,company_id not present in companies master,2026-09-20T07:17:17
balance_sheet,balancesheet.xlsx,1329,ULTRACEMCO,company_id not present in companies master,2026-09-20T07:17:17
balance_sheet,balancesheet.xlsx,1330,ULTRACEMCO,company_id not present in companies master,2026-09-20T07:17:17
balance_sheet,balancesheet.xlsx,1331,ULTRACEMCO,company_id not present in companies master,2026-09-20T07:17:17
balance_sheet,balancesheet.xlsx,1332,ULTRACEMCO,company_id not present in companies master,2026-09-20T07:17:17
balance_sheet,balancesheet.xlsx,1333,ULTRACEMCO,company_id not present in companies master,2026-09-20T07:17:17
balance_sheet,balancesheet.xlsx,1334,ULTRACEMCO,company_id not present in companies master,2026-09-20T07:17:17
balance_sheet,balancesheet.xlsx,1335,ULTRACEMCO,company_id not present in companies master,2026-09-20T07:17:17
cash_flow,cashflow.xlsx,1170,ULTRACEMCO,company_id not present in companies master,2026-09-20T07:17:17
cash_flow,cashflow.xlsx,1171,ULTRACEMCO,company_id not present in companies master,2026-09-20T07:17:17
cash_flow,cashflow.xlsx,1172,ULTRACEMCO,company_id not present in companies master,2026-09-20T07:17:17
cash_flow,cashflow.xlsx,1173,ULTRACEMCO,company_id not present in companies master,2026-09-20T07:17:17
cash_flow,cashflow.xlsx,1174,ULTRACEMCO,company_id not present in companies master,2026-09-20T07:17:17
cash_flow,cashflow.xlsx,1175,ULTRACEMCO,company_id not present in companies master,2026-09-20T07:17:17
cash_flow,cashflow.xlsx,1176,ULTRACEMCO,company_id not present in companies master,2026-09-20T07:17:17
cash_flow,cashflow.xlsx,1177,ULTRACEMCO,company_id not present in companies master,2026-09-20T07:17:17
cash_flow,cashflow.xlsx,1178,ULTRACEMCO,company_id not present in companies master,2026-09-20T07:17:17
cash_flow,cashflow.xlsx,1179,ULTRACEMCO,company_id not present in companies master,2026-09-20T07:17:17
cash_flow,cashflow.xlsx,1180,ULTRACEMCO,company_id not present in companies master,2026-09-20T07:17:17
cash_flow,cashflow.xlsx,1181,ULTRACEMCO,company_id not present in companies master,2026-09-20T07:17:17
cash_flow,cashflow.xlsx,1182,UNIONBANK,company_id not present in companies master,2026-09-20T07:17:17
cash_flow,cashflow.xlsx,1183,UNIONBANK,company_id not present in companies master,2026-09-20T07:17:17
cash_flow,cashflow.xlsx,1184,UNIONBANK,company_id not present in companies master,2026-09-20T07:17:17
cash_flow,cashflow.xlsx,1185,UNIONBANK,company_id not present in companies master,2026-09-20T07:17:17
cash_flow,cashflow.xlsx,1186,UNIONBANK,company_id not present in companies master,2026-09-20T07:17:17
cash_flow,cashflow.xlsx,1187,UNIONBANK,company_id not present in companies master,2026-09-20T07:17:17
cash_flow,cashflow.xlsx,1188,UNIONBANK,company_id not present in companies master,2026-09-20T07:17:17
cash_flow,cashflow.xlsx,1189,UNIONBANK,company_id not present in companies master,2026-09-20T07:17:17
cash_flow,cashflow.xlsx,1190,UNIONBANK,company_id not present in companies master,2026-09-20T07:17:17
cash_flow,cashflow.xlsx,1191,UNIONBANK,company_id not present in companies master,2026-09-20T07:17:17
cash_flow,cashflow.xlsx,1192,UNIONBANK,company_id not present in companies master,2026-09-20T07:17:17
cash_flow,cashflow.xlsx,1193,UNIONBANK,company_id not present in companies master,2026-09-20T07:17:17
cash_flow,cashflow.xlsx,1194,UNITDSPR,company_id not present in companies master,2026-09-20T07:17:17
cash_flow,cashflow.xlsx,1195,UNITDSPR,company_id not present in companies master,2026-09-20T07:17:17
cash_flow,cashflow.xlsx,1196,UNITDSPR,company_id not present in companies master,2026-09-20T07:17:17
cash_flow,cashflow.xlsx,1197,UNITDSPR,company_id not present in companies master,2026-09-20T07:17:17
cash_flow,cashflow.xlsx,1198,UNITDSPR,company_id not present in companies master,2026-09-20T07:17:17
cash_flow,cashflow.xlsx,1199,UNITDSPR,company_id not present in companies master,2026-09-20T07:17:17
cash_flow,cashflow.xlsx,1200,UNITDSPR,company_id not present in companies master,2026-09-20T07:17:17
cash_flow,cashflow.xlsx,1201,UNITDSPR,company_id not present in companies master,2026-09-20T07:17:17
cash_flow,cashflow.xlsx,1202,UNITDSPR,company_id not present in companies master,2026-09-20T07:17:17
cash_flow,cashflow.xlsx,1203,UNITDSPR,company_id not present in companies master,2026-09-20T07:17:17
cash_flow,cashflow.xlsx,1204,UNITDSPR,company_id not present in companies master,2026-09-20T07:17:17
cash_flow,cashflow.xlsx,1205,UNITDSPR,company_id not present in companies master,2026-09-20T07:17:17
cash_flow,cashflow.xlsx,1206,VBL,company_id not present in companies master,2026-09-20T07:17:17
cash_flow,cashflow.xlsx,1207,VBL,company_id not present in companies master,2026-09-20T07:17:17
cash_flow,cashflow.xlsx,1208,VBL,company_id not present in companies master,2026-09-20T07:17:17
cash_flow,cashflow.xlsx,1209,VBL,company_id not present in companies master,2026-09-20T07:17:17
cash_flow,cashflow.xlsx,1210,VBL,company_id not present in companies master,2026-09-20T07:17:17
cash_flow,cashflow.xlsx,1211,VBL,company_id not present in companies master,2026-09-20T07:17:17
cash_flow,cashflow.xlsx,1212,VBL,company_id not present in companies master,2026-09-20T07:17:17
cash_flow,cashflow.xlsx,1213,VBL,company_id not present in companies master,2026-09-20T07:17:17
cash_flow,cashflow.xlsx,1214,VBL,company_id not present in companies master,2026-09-20T07:17:17
cash_flow,cashflow.xlsx,1215,VBL,company_id not present in companies master,2026-09-20T07:17:17
cash_flow,cashflow.xlsx,1216,VBL,company_id not present in companies master,2026-09-20T07:17:17
cash_flow,cashflow.xlsx,1217,VBL,company_id not present in companies master,2026-09-20T07:17:17
cash_flow,cashflow.xlsx,1218,VEDL,company_id not present in companies master,2026-09-20T07:17:17
cash_flow,cashflow.xlsx,1219,VEDL,company_id not present in companies master,2026-09-20T07:17:17
cash_flow,cashflow.xlsx,1220,VEDL,company_id not present in companies master,2026-09-20T07:17:17
cash_flow,cashflow.xlsx,1221,VEDL,company_id not present in companies master,2026-09-20T07:17:17
cash_flow,cashflow.xlsx,1222,VEDL,company_id not present in companies master,2026-09-20T07:17:17
cash_flow,cashflow.xlsx,1223,VEDL,company_id not present in companies master,2026-09-20T07:17:17
cash_flow,cashflow.xlsx,1224,VEDL,company_id not present in companies master,2026-09-20T07:17:17
cash_flow,cashflow.xlsx,1225,VEDL,company_id not present in companies master,2026-09-20T07:17:17
cash_flow,cashflow.xlsx,1226,VEDL,company_id not present in companies master,2026-09-20T07:17:17
cash_flow,cashflow.xlsx,1227,VEDL,company_id not present in companies master,2026-09-20T07:17:17
cash_flow,cashflow.xlsx,1228,VEDL,company_id not present in companies master,2026-09-20T07:17:17
cash_flow,cashflow.xlsx,1229,VEDL,company_id not present in companies master,2026-09-20T07:17:17
cash_flow,cashflow.xlsx,1230,WIPRO,company_id not present in companies master,2026-09-20T07:17:17
cash_flow,cashflow.xlsx,1231,WIPRO,company_id not present in companies master,2026-09-20T07:17:17
cash_flow,cashflow.xlsx,1232,WIPRO,company_id not present in companies master,2026-09-20T07:17:17
cash_flow,cashflow.xlsx,1233,WIPRO,company_id not present in companies master,2026-09-20T07:17:17
cash_flow,cashflow.xlsx,1234,WIPRO,company_id not present in companies master,2026-09-20T07:17:17
cash_flow,cashflow.xlsx,1235,WIPRO,company_id not present in companies master,2026-09-20T07:17:17
cash_flow,cashflow.xlsx,1236,WIPRO,company_id not present in companies master,2026-09-20T07:17:17
cash_flow,cashflow.xlsx,1237,WIPRO,company_id not present in companies master,2026-09-20T07:17:17
cash_flow,cashflow.xlsx,1238,WIPRO,company_id not present in companies master,2026-09-20T07:17:17
cash_flow,cashflow.xlsx,1239,WIPRO,company_id not present in companies master,2026-09-20T07:17:17
cash_flow,cashflow.xlsx,1240,WIPRO,company_id not present in companies master,2026-09-20T07:17:17
cash_flow,cashflow.xlsx,1241,WIPRO,company_id not present in companies master,2026-09-20T07:17:17
cash_flow,cashflow.xlsx,1242,ZOMATO,company_id not present in companies master,2026-09-20T07:17:17
cash_flow,cashflow.xlsx,1243,ZOMATO,company_id not present in companies master,2026-09-20T07:17:17
cash_flow,cashflow.xlsx,1244,ZOMATO,company_id not present in companies master,2026-09-20T07:17:17
cash_flow,cashflow.xlsx,1245,ZOMATO,company_id not present in companies master,2026-09-20T07:17:17
cash_flow,cashflow.xlsx,1246,ZOMATO,company_id not present in companies master,2026-09-20T07:17:17
cash_flow,cashflow.xlsx,1247,ZYDUSLIFE,company_id not present in companies master,2026-09-20T07:17:17
cash_flow,cashflow.xlsx,1248,ZYDUSLIFE,company_id not present in companies master,2026-09-20T07:17:17
cash_flow,cashflow.xlsx,1249,ZYDUSLIFE,company_id not present in companies master,2026-09-20T07:17:17
cash_flow,cashflow.xlsx,1250,ZYDUSLIFE,company_id not present in companies master,2026-09-20T07:17:17
cash_flow,cashflow.xlsx,1251,ZYDUSLIFE,company_id not present in companies master,2026-09-20T07:17:17
cash_flow,cashflow.xlsx,1252,ZYDUSLIFE,company_id not present in companies master,2026-09-20T07:17:17
cash_flow,cashflow.xlsx,1253,ZYDUSLIFE,company_id not present in companies master,2026-09-20T07:17:17
cash_flow,cashflow.xlsx,1254,ZYDUSLIFE,company_id not present in companies master,2026-09-20T07:17:17
cash_flow,cashflow.xlsx,1255,ZYDUSLIFE,company_id not present in companies master,2026-09-20T07:17:17
cash_flow,cashflow.xlsx,1256,ZYDUSLIFE,company_id not present in companies master,2026-09-20T07:17:17
cash_flow,cashflow.xlsx,1257,ZYDUSLIFE,company_id not present in companies master,2026-09-20T07:17:17
cash_flow,cashflow.xlsx,1258,ZYDUSLIFE,company_id not present in companies master,2026-09-20T07:17:17
financial_ratios,financial_ratios.xlsx,1149,ULTRACEMCO,company_id not present in companies master,2026-09-20T07:17:17
financial_ratios,financial_ratios.xlsx,1150,ULTRACEMCO,company_id not present in companies master,2026-09-20T07:17:17
financial_ratios,financial_ratios.xlsx,1151,ULTRACEMCO,company_id not present in companies master,2026-09-20T07:17:17
financial_ratios,financial_ratios.xlsx,1152,ULTRACEMCO,company_id not present in companies master,2026-09-20T07:17:17
financial_ratios,financial_ratios.xlsx,1153,ULTRACEMCO,company_id not present in companies master,2026-09-20T07:17:17
financial_ratios,financial_ratios.xlsx,1154,ULTRACEMCO,company_id not present in companies master,2026-09-20T07:17:17
financial_ratios,financial_ratios.xlsx,1155,ULTRACEMCO,company_id not present in companies master,2026-09-20T07:17:17
financial_ratios,financial_ratios.xlsx,1156,ULTRACEMCO,company_id not present in companies master,2026-09-20T07:17:17
financial_ratios,financial_ratios.xlsx,1157,ULTRACEMCO,company_id not present in companies master,2026-09-20T07:17:17
financial_ratios,financial_ratios.xlsx,1158,ULTRACEMCO,company_id not present in companies master,2026-09-20T07:17:17
financial_ratios,financial_ratios.xlsx,1159,ULTRACEMCO,company_id not present in companies master,2026-09-20T07:17:17
financial_ratios,financial_ratios.xlsx,1160,ULTRACEMCO,company_id not present in companies master,2026-09-20T07:17:17
financial_ratios,financial_ratios.xlsx,1161,UNIONBANK,company_id not present in companies master,2026-09-20T07:17:17
financial_ratios,financial_ratios.xlsx,1162,UNIONBANK,company_id not present in companies master,2026-09-20T07:17:17
financial_ratios,financial_ratios.xlsx,1163,UNIONBANK,company_id not present in companies master,2026-09-20T07:17:17
financial_ratios,financial_ratios.xlsx,1164,UNIONBANK,company_id not present in companies master,2026-09-20T07:17:17
financial_ratios,financial_ratios.xlsx,1165,UNIONBANK,company_id not present in companies master,2026-09-20T07:17:17
financial_ratios,financial_ratios.xlsx,1166,UNIONBANK,company_id not present in companies master,2026-09-20T07:17:17
financial_ratios,financial_ratios.xlsx,1167,UNIONBANK,company_id not present in companies master,2026-09-20T07:17:17
financial_ratios,financial_ratios.xlsx,1168,UNIONBANK,company_id not present in companies master,2026-09-20T07:17:17
financial_ratios,financial_ratios.xlsx,1169,UNIONBANK,company_id not present in companies master,2026-09-20T07:17:17
financial_ratios,financial_ratios.xlsx,1170,UNIONBANK,company_id not present in companies master,2026-09-20T07:17:17
financial_ratios,financial_ratios.xlsx,1171,UNIONBANK,company_id not present in companies master,2026-09-20T07:17:17
financial_ratios,financial_ratios.xlsx,1172,UNIONBANK,company_id not present in companies master,2026-09-20T07:17:17
